"admit","gre","gpa","rank","rankP","fit","se.fit","residual.scale","UL","LL","PredictedProb"
0,380,3.61,"3",0.172626540888155,-1.56712563814923,0.335967505202243,1,0.287280401011979,0.0974731092379669,0.172626540888155
1,660,3.67,"3",0.292174955560558,-0.88484416506226,0.229719798717252,1,0.39303001479873,0.208317846149019,0.292174955560558
1,800,4,"1",0.738408245980191,1.03771175273318,0.348067055235844,1,0.848118941305953,0.587950754754182,0.738408245980191
1,640,3.19,"4",0.178384606435978,-1.52733046489053,0.337368401274012,1,0.296068876272145,0.100781383487323,0.178384606435978
0,520,2.93,"4",0.118353912287079,-2.00811132204489,0.355203578362452,1,0.212167021661125,0.0627194916166127,0.118353912287079
1,760,3,"2",0.369969944074595,-0.532345755957768,0.302358185847441,1,0.515064511281274,0.245090970731652,0.369969944074595
1,560,2.98,"1",0.419246161486194,-0.325868736215643,0.301568002014208,1,0.565915251782691,0.285581388288969,0.419246161486194
0,400,3.08,"2",0.21700328055935,-1.28321603503984,0.275111564667358,1,0.322130648552481,0.139141984443732,0.21700328055935
1,540,3.39,"3",0.200735184814924,-1.38170577320222,0.229958903699872,1,0.282724654016708,0.13794961333328,0.200735184814924
0,700,3.92,"2",0.517868198285853,0.0715032422092871,0.241329415422121,1,0.63286067717695,0.400951422836566,0.517868198285853
0,800,4,"4",0.374314399612655,-0.513751924184888,0.405407337297345,1,0.569753731901832,0.212763028676603,0.374314399612655
0,440,3.22,"1",0.400200246145495,-0.404630818729887,0.316670989842917,1,0.553801975020931,0.263995153457333,0.400200246145495
1,760,4,"1",0.720538582416141,0.947134721286013,0.3321190732512,1,0.831751001769828,0.573508748767903,0.720538582416141
0,700,3.08,"2",0.353454616851822,-0.6038882991861,0.243752752269699,1,0.468508513924295,0.253195088947388,0.353454616851822
1,700,4,"1",0.692379891650221,0.811269174115264,0.318139387107043,1,0.807651585463049,0.546791673502031,0.692379891650221
0,480,3.44,"3",0.185825078232764,-1.47736944290896,0.253755270530846,1,0.272889975509997,0.121881769276634,0.185825078232764
0,780,3.87,"4",0.339939166922906,-0.6635653213149,0.385407276589709,1,0.522942114342553,0.194824112431185,0.339939166922906
0,360,2.56,"3",0.0789533452078386,-2.45665358061705,0.403158251978125,1,0.158896268329839,0.0374404683478579,0.0789533452078386
0,800,3.75,"2",0.540227721616955,0.161259437449564,0.267855795780729,1,0.665133715988689,0.410055022471453,0.540227721616955
1,540,3.81,"1",0.573511824871264,0.296193913963358,0.310787231491412,1,0.712044998759974,0.422395070531509,0.573511824871264
0,500,3.17,"3",0.16122101391739,-1.64917106549104,0.256071977948954,1,0.240988083978268,0.104231077970035,0.16122101391739
1,660,3.63,"2",0.437271084553771,-0.252244678529143,0.190447781703595,1,0.530221359730383,0.348526527751453,0.437271084553772
0,600,2.82,"4",0.128375249270743,-1.91540138957138,0.37637761179458,1,0.235465765625741,0.0657981068026494,0.128375249270743
0,680,3.19,"4",0.192048601513928,-1.43675343344337,0.349526881167922,1,0.320455184951662,0.106993466960213,0.192048601513928
1,760,3.35,"2",0.437593964420805,-0.25093261370969,0.246305799980351,1,0.557698509055249,0.324385070907119,0.437593964420805
1,800,3.66,"1",0.682295032430196,0.764338985977903,0.329297967664833,1,0.803728560231739,0.529693759530765,0.682295032430196
1,620,3.61,"1",0.578480906852777,0.316540467001646,0.26949206850054,1,0.699463609200571,0.447280682379081,0.578480906852777
1,520,3.74,"4",0.204754217387961,-1.35684090712791,0.360933221856093,1,0.343122100828723,0.112618396939554,0.204754217387961
1,780,3.22,"2",0.423073493450992,-0.310168979392537,0.278733643328196,1,0.558764404259597,0.298073850868416,0.423073493450992
0,520,3.29,"1",0.458298565985295,-0.16719412738594,0.280440824480173,1,0.5944686716418,0.328085216015983,0.458298565985295
0,540,3.78,"4",0.217653925509211,-1.27939088943311,0.359500552431098,1,0.360136946920396,0.120891808679111,0.217653925509211
0,760,3.35,"3",0.285836164501776,-0.915693602214017,0.297516270528393,1,0.417617450033099,0.182600762783294,0.285836164501776
0,600,3.4,"3",0.224819185762432,-1.23779985053867,0.223692047707029,1,0.310161702327662,0.15759449301441,0.224819185762432
1,800,4,"3",0.424948366369704,-0.302492163734707,0.311639585113399,1,0.57647548676008,0.286323855026541,0.424948366369704
0,360,3.14,"1",0.342965225972458,-0.650107885566637,0.368201832549208,1,0.517884293690849,0.202331851652372,0.342965225972458
0,400,3.05,"2",0.212932774497159,-1.30733716151825,0.276345573516009,1,0.31741005102107,0.135993349111981,0.212932774497159
0,580,3.25,"1",0.484132809136695,-0.0634900821864006,0.27150924911176,1,0.615068452348577,0.355339944558908,0.484132809136695
0,520,2.9,"3",0.139317199037095,-1.82097268807311,0.294018447675323,1,0.22361954473153,0.0833827264971912,0.139317199037095
1,500,3.13,"2",0.265695753151636,-1.01657157895792,0.210690696095307,1,0.353516431640591,0.193172652017699,0.265695753151636
1,520,2.68,"3",0.119427691664068,-1.99786094891476,0.342741296785663,1,0.20980719093666,0.0647891481946778,0.119427691664068
0,560,2.42,"2",0.189759645217988,-1.45157269177613,0.356620432980168,1,0.320255768723906,0.104279956534055,0.189759645217988
1,580,3.32,"2",0.335670021805083,-0.682650381700344,0.176164769984546,1,0.416449100572457,0.263484967215229,0.335670021805083
1,600,3.15,"2",0.315604039948544,-0.774048249354399,0.191333115928835,1,0.40154413135438,0.240660608414563,0.315604039948544
0,500,3.31,"3",0.177029232166217,-1.5366058085918,0.245760736919158,1,0.258282448572325,0.117295214786447,0.177029232166217
0,700,2.94,"2",0.328174411586275,-0.716453556085331,0.273345201161689,1,0.454948276348498,0.222317785707707,0.328174411586275
1,460,3.45,"3",0.180255475519175,-1.51461758313974,0.265450592930546,1,0.270056798946592,0.115586990764398,0.180255475519175
1,580,3.46,"2",0.361217182979574,-0.570085124801113,0.17781807192454,1,0.444835058316277,0.285241497503047,0.361217182979574
0,500,2.97,"4",0.116991005012123,-2.02123833579726,0.353402640903065,1,0.209396141480767,0.0621576763995937,0.116991005012123
0,440,2.48,"4",0.0723538103240774,-2.55108228211532,0.435864626542596,1,0.154885287003931,0.0321278436793419,0.0723538103240775
0,400,3.35,"3",0.150474172554112,-1.73088688523851,0.302853730542291,1,0.242817610656039,0.0891157132586616,0.150474172554112
0,640,3.86,"3",0.314887948672414,-0.777365546422601,0.243976453332246,1,0.425759980997998,0.221739264723027,0.314887948672414
0,440,3.13,"4",0.116247256738192,-2.02845787508317,0.361003386603207,1,0.210670053025077,0.0608808027335942,0.116247256738192
0,740,3.37,"4",0.239365527952639,-1.15616112740218,0.361627340854195,1,0.38998588755856,0.134127048633354,0.239365527952639
1,680,3.27,"2",0.37838477741863,-0.49640968054644,0.202182816756137,1,0.474988054665667,0.290555429933808,0.37838477741863
0,660,3.34,"3",0.240456835794721,-1.15017655632473,0.242537033927903,1,0.337421987583433,0.164440996683098,0.240456835794721
1,740,4,"3",0.39213236336882,-0.438357710905455,0.282933578546807,1,0.529015389328994,0.270338169723609,0.39213236336882
0,560,3.19,"3",0.182839804769814,-1.49722476733468,0.243389686689922,1,0.264992149045528,0.121931140685591,0.182839804769814
0,380,2.94,"3",0.108531389061702,-2.10583079616698,0.335419594479346,1,0.190246637053087,0.0593425085638244,0.108531389061702
0,400,3.65,"2",0.304721416961648,-0.824914631950116,0.316879156990605,1,0.449217829040426,0.190618275930503,0.304721416961648
0,600,2.82,"4",0.128375249270743,-1.91540138957138,0.37637761179458,1,0.235465765625741,0.0657981068026494,0.128375249270743
1,620,3.18,"2",0.330784592471526,-0.704638607152409,0.190759809550725,1,0.418058298534495,0.253784711517247,0.330784592471526
0,560,3.32,"4",0.167428927000773,-1.60395964637843,0.325085740171155,1,0.275520466935439,0.096117523942055,0.167428927000773
0,640,3.67,"3",0.282897797227346,-0.930132680785843,0.226246672723948,1,0.380673816551582,0.202042678512493,0.282897797227346
1,680,3.85,"3",0.332959724825286,-0.694828890468237,0.247435045748265,1,0.447727647041166,0.235087874531566,0.332959724825286
0,580,4,"3",0.309883107966315,-0.800665836694119,0.27688565415166,1,0.435862803649171,0.206957768697276,0.309883107966315
0,600,3.59,"2",0.396451729918885,-0.420271727671101,0.185268273040434,1,0.485717408495576,0.313588100149655,0.396451729918885
0,740,3.62,"4",0.277849946574924,-0.955151740082121,0.356636442848192,1,0.436311756781193,0.160547618142871,0.277849946574924
0,620,3.3,"1",0.516815862274182,0.0672888267247767,0.269768812884058,1,0.644748814035751,0.386639991743838,0.516815862274182
0,580,3.69,"1",0.572066256616285,0.290286439496897,0.281655594086031,1,0.698956009297863,0.434931473063916,0.572066256616285
0,800,3.73,"1",0.694368275663413,0.820621614427518,0.330111610138332,1,0.812698468977806,0.543292041423154,0.694368275663413
0,640,4,"3",0.339662118901414,-0.66480028952337,0.265996869579842,1,0.464199760763611,0.233947467766204,0.339662118901414
0,300,2.92,"4",0.0748600003073533,-2.5143253704971,0.444957376313554,1,0.162164719486114,0.0327218885426921,0.0748600003073533
0,480,3.39,"4",0.150737158396692,-1.72883108082315,0.346016936480353,1,0.259102628141796,0.0826386262151794,0.150737158396692
0,580,4,"2",0.466075986957223,-0.135904848189793,0.272592789448692,1,0.598297659138075,0.338455033331693,0.466075986957223
0,720,3.45,"4",0.242848304029995,-1.13712663918334,0.34913365243745,1,0.388689383242659,0.139262540820969,0.242848304029995
0,720,4,"3",0.381391492362397,-0.483646226629038,0.276183028964986,1,0.514414132497736,0.264061414783514,0.381391492362397
0,560,3.36,"3",0.20415281471772,-1.36053838395704,0.227447165101825,1,0.286030470489082,0.141081678686622,0.20415281471772
1,800,4,"3",0.424948366369704,-0.302492163734707,0.311639585113399,1,0.57647548676008,0.286323855026541,0.424948366369704
0,540,3.12,"1",0.435709858448475,-0.258591995039995,0.285818548421533,1,0.574836624193039,0.306019221107561,0.435709858448475
1,620,4,"1",0.652515562854424,0.630115111220932,0.320150947790692,1,0.778614575245738,0.500654813013433,0.652515562854424
0,700,2.9,"4",0.164566527629307,-1.62463580701105,0.397234971793733,1,0.300261010431922,0.0829277621816228,0.164566527629307
0,620,3.07,"2",0.311507129460537,-0.793082737573233,0.208425769052275,1,0.405025569683225,0.231191197386266,0.311507129460537
0,500,2.71,"2",0.205173587985223,-1.35426734965561,0.278853359220792,1,0.308377678969097,0.130015702192792,0.205173587985223
0,380,2.91,"4",0.0877668543660805,-2.34121168309557,0.399128453051883,1,0.173801686802525,0.042148104671593,0.0877668543660805
1,500,3.6,"3",0.21358749325616,-1.30343491930054,0.251812767376307,1,0.307915663677033,0.142218116253016,0.21358749325616
0,520,2.98,"2",0.25126279156225,-1.09188869562637,0.222139081790654,1,0.341527153800899,0.178391812925896,0.25126279156225
0,600,3.32,"2",0.345843136415367,-0.637361865976761,0.17513457698335,1,0.427000882870267,0.272767661270073,0.345843136415367
0,600,3.48,"2",0.375494606584396,-0.508715858091925,0.175779871350587,1,0.459045134435405,0.298752712519954,0.375494606584396
0,700,3.28,"1",0.557830568710328,0.232362138633504,0.294164610553438,1,0.691880333124012,0.414789488078246,0.557830568710328
1,660,4,"2",0.511310373917513,0.045249214704539,0.255134235197443,1,0.633047330132586,0.388216832928357,0.511310373917513
0,700,3.83,"2",0.499784965706774,-0.000860137225932811,0.22568520534832,1,0.608612311075513,0.39097799041014,0.499784965706774
1,720,3.64,"1",0.638094709827987,0.567104172097967,0.28890151866237,1,0.756456811364306,0.500214298866808,0.638094709827987
0,800,3.9,"2",0.570003411225096,0.281865069841597,0.280261721205988,1,0.69660396327331,0.433533737908473,0.570003411225096
0,580,2.93,"2",0.26968427338506,-0.99622502591963,0.228390498305684,1,0.366194003960353,0.190946709977552,0.26968427338506
1,660,3.44,"2",0.400108795781585,-0.405011812892386,0.182165765903549,1,0.488010570779323,0.318199897976985,0.400108795781585
0,660,3.33,"2",0.379079774329391,-0.49345594331321,0.187166164852534,1,0.46838965024715,0.297276331103311,0.379079774329391
0,640,3.52,"4",0.220630126740714,-1.26199807362806,0.327273019702582,1,0.349657974859736,0.12971814013376,0.220630126740714
0,480,3.57,"2",0.330022438704304,-0.708083572998203,0.239765169580841,1,0.440743822607358,0.23540779730998,0.330022438704304
0,700,2.88,"2",0.31762762459361,-0.764695809042144,0.287396818047926,1,0.449819987378548,0.209491445535411,0.31762762459361
0,400,3.31,"3",0.146408961769965,-1.76304838720972,0.302345243936962,1,0.236773345436576,0.0866181172866134,0.146408961769965
0,340,3.15,"3",0.116339536609469,-2.0275599422653,0.348452271248678,1,0.206755675585584,0.0623550676617455,0.116339536609469
0,580,3.57,"3",0.241146889071354,-1.14640198288461,0.22247803276448,1,0.329522603741951,0.170447519830018,0.241146889071354
0,380,3.33,"4",0.118834267725762,-2.00351591239788,0.395157686788739,1,0.226355298126968,0.0585232810464414,0.118834267725762
0,540,3.94,"3",0.281004357454124,-0.939485121098098,0.280289964638416,1,0.403689186106593,0.18409388039846,0.281004357454124
1,660,3.95,"2",0.501261831631305,0.00504733724052808,0.243796630317006,1,0.618429774504564,0.383955141071431,0.501261831631305
1,740,2.97,"2",0.353942189101273,-0.601755398159758,0.29372676576174,1,0.493487633981304,0.235509227677171,0.353942189101273
1,700,3.56,"1",0.612419195316467,0.457492652431966,0.280493904969206,1,0.732483722955065,0.476947504537971,0.612419195316467
0,480,3.13,"2",0.256954148684318,-1.0618600946815,0.220445117240136,1,0.347558685707386,0.183332210545113,0.256954148684318
0,400,2.93,"3",0.112188131218833,-2.0685826559362,0.325671252054786,1,0.193057085652274,0.0625675276446541,0.112188131218833
0,480,3.45,"2",0.309049211453984,-0.804568078911829,0.225464952379101,1,0.410316588778928,0.223310168956968,0.309049211453984
0,680,3.08,"4",0.178697426425657,-1.52519756386419,0.361700762534744,1,0.306557269248962,0.0967271046113592,0.178697426425657
0,420,3.41,"4",0.136035490821284,-1.84861587700829,0.375799159816404,1,0.247488991453833,0.0700981767173199,0.136035490821284
0,360,3,"3",0.10881750063281,-2.10287705893375,0.342056073914271,1,0.192717675627385,0.058783777770682,0.10881750063281
0,600,3.22,"1",0.48942090583279,-0.0423226929412239,0.274024240640253,1,0.621228257739944,0.359068316868231,0.48942090583279
0,720,3.84,"3",0.351536485726261,-0.612292234513874,0.258793851274218,1,0.473760057857975,0.246098811245154,0.351536485726261
0,620,3.99,"3",0.327805083041697,-0.718129180739755,0.26603078198027,1,0.450980750228719,0.224514409174342,0.327805083041697
1,440,3.45,"2",0.290049199534111,-0.895145110358995,0.255532275644371,1,0.402682148220496,0.198453468218909,0.290049199534111
0,700,3.72,"2",0.477688759265398,-0.0893042676467571,0.210775838072834,1,0.580254049368316,0.376970975334334,0.477688759265398
1,800,3.7,"1",0.68922540433158,0.796500487949112,0.329562758195638,1,0.808832755315024,0.537568431891366,0.68922540433158
0,340,2.92,"3",0.0986346029652952,-2.21248857859975,0.362164776454752,1,0.182031270928269,0.0510606114739185,0.0986346029652952
1,520,3.74,"2",0.382058475533227,-0.480820158173399,0.24254285619189,1,0.498640963337511,0.277638829316512,0.382058475533227
1,480,2.67,"2",0.192831239534572,-1.4317173673504,0.291348054271545,1,0.297198300303757,0.118913490909231,0.192831239534572
0,520,2.85,"3",0.13456620550979,-1.86117456553712,0.30424010663436,1,0.220137725658808,0.0788928931053307,0.13456620550979
0,500,2.98,"3",0.141615292849212,-1.80193819985428,0.281955567166187,1,0.222820419928522,0.0867031213232359,0.141615292849212
0,720,3.88,"3",0.358902512663632,-0.580130732542665,0.262243131543926,1,0.483472474795211,0.250841883485604,0.358902512663632
0,540,3.38,"4",0.167841072139958,-1.6010059091452,0.328056121122256,1,0.277275618205501,0.095868625430656,0.167841072139958
1,600,3.54,"1",0.553536321795681,0.214969322828447,0.266907682497145,1,0.676582072726087,0.423561548576299,0.553536321795681
0,740,3.74,"4",0.297617873822452,-0.858667234168494,0.361050518645194,1,0.462319522235885,0.172740744573169,0.297617873822452
0,540,3.19,"2",0.293643775132427,-0.877752294553938,0.191468014611214,1,0.376959214447221,0.222176140626257,0.293643775132427
0,460,3.15,"4",0.122701942897283,-1.96708860837399,0.352539957618762,1,0.21821306542241,0.0654935462752238,0.122701942897283
1,620,3.17,"2",0.329007153417381,-0.712678982645211,0.192146536432254,1,0.41676400524996,0.251752716536827,0.329007153417381
0,640,2.79,"2",0.274297924350148,-0.972924735648113,0.278569175779979,1,0.394859859835507,0.17962056277482,0.274297924350148
0,580,3.4,"2",0.35016195875873,-0.618327377757926,0.175613068746198,1,0.431894507959201,0.276372134270049,0.35016195875873
0,500,3.08,"3",0.151673623024645,-1.72153444492626,0.266792967600708,1,0.231720761128882,0.0958293887991854,0.151673623024645
0,560,2.95,"2",0.263970510552154,-1.02543279065761,0.223036983794521,1,0.357029529992458,0.188072231975554,0.263970510552154
0,500,3.57,"3",0.209563911247418,-1.32755604577895,0.249478138028832,1,0.301834169472839,0.139850382129511,0.209563911247417
0,560,3.33,"4",0.16855272603386,-1.59591927088563,0.324976972309827,1,0.277085586118067,0.0968369787710761,0.16855272603386
0,700,4,"3",0.370765376717783,-0.528934742352621,0.271035395794457,1,0.50057365809942,0.257278092762528,0.370765376717783
0,620,3.4,"2",0.371041736702428,-0.52775034631076,0.174008235965888,1,0.453461544345645,0.295502707528219,0.371041736702428
1,600,3.58,"1",0.561470173558741,0.247130824799656,0.268968422979386,1,0.684452264705846,0.430442183737517,0.561470173558741
0,640,3.93,"2",0.485923238580768,-0.0563219294686591,0.240515516910427,1,0.602307371858639,0.3710459382309,0.485923238580768
1,700,3.52,"4",0.244875535454679,-1.12613252645731,0.340813439116166,1,0.387427590767521,0.142567502426417,0.244875535454679
0,620,3.94,"4",0.274962068244176,-0.969590818653947,0.366382817399134,1,0.437459132060771,0.156078401767754,0.274962068244176
0,580,3.4,"3",0.217024973909821,-1.28308836626225,0.223574998527211,1,0.300507708287505,0.151704387907261,0.217024973909821
0,580,3.4,"4",0.183269994138737,-1.49434812671243,0.323350881759224,1,0.297218098047345,0.106393992664586,0.183269994138737
0,380,3.43,"3",0.152923605699755,-1.71185239701967,0.321036072024817,1,0.253010205754874,0.0877771499124251,0.152923605699755
0,480,3.4,"2",0.300531128087712,-0.84476995637584,0.221355575713359,1,0.398693214389747,0.217784048816001,0.300531128087712
0,560,2.71,"3",0.132026011049049,-1.88316279098919,0.338799846853528,1,0.228092215583081,0.0726141107324926,0.132026011049049
1,480,2.91,"1",0.362782993058329,-0.56330542755959,0.32284935641859,1,0.51736284357119,0.232171484324288,0.362782993058329
0,740,3.31,"1",0.585904527439981,0.347060296559076,0.311163513526219,1,0.722508881037825,0.434670569849352,0.585904527439981
1,800,3.74,"1",0.696071940322204,0.828661989920321,0.330361021640845,1,0.813993322998264,0.545165149318397,0.696071940322204
0,400,3.38,"2",0.260763357408776,-1.04200477025578,0.282456445728656,1,0.380272883587931,0.168594754383379,0.260763357408776
1,640,3.94,"2",0.487931955741626,-0.0482815539758571,0.242776930224845,1,0.605291162383715,0.371888332541323,0.487931955741626
0,580,3.46,"3",0.225334368224979,-1.23484611330544,0.221554502123755,1,0.309897339710695,0.158545151299043,0.225334368224979
0,620,3.69,"3",0.277010268101208,-0.959340445523821,0.226194506621417,1,0.373788226484816,0.197390914380764,0.277010268101208
1,580,2.86,"4",0.126913553096948,-1.92852840332375,0.366393312802738,1,0.229630723655541,0.0661952107327974,0.126913553096948
0,560,2.52,"2",0.202431052747223,-1.3711689368481,0.328380461806068,1,0.325734079665396,0.117658309658695,0.202431052747223
1,480,3.58,"1",0.493850242750466,-0.0246002695418412,0.310196044396295,1,0.641845687237547,0.346924737721052,0.493850242750466
0,660,3.49,"2",0.409795716904648,-0.364809935428374,0.182279293702111,1,0.498114378996285,0.326935700190962,0.409795716904648
0,700,3.82,"3",0.337677454872266,-0.673661501223061,0.249993646217219,1,0.454210169956963,0.238004866578543,0.337677454872266
0,600,3.13,"2",0.312140971213857,-0.790129000340003,0.194229601103515,1,0.399046650327189,0.236706974736171,0.312140971213857
0,640,3.5,"2",0.400817965680087,-0.402058075659155,0.177999068976332,1,0.48670815729301,0.320617330683041,0.400817965680087
1,700,3.56,"2",0.445727101944697,-0.217950275531593,0.19929300220149,1,0.543059079121356,0.352386710718627,0.445727101944697
0,520,2.73,"2",0.215362684170142,-1.29289808294642,0.272081249046132,1,0.318729027017762,0.138694291878473,0.215362684170142
0,580,3.3,"2",0.332093612061743,-0.698731132685949,0.176925841368589,1,0.412908059444837,0.260089047493438,0.332093612061743
0,700,4,"1",0.692379891650221,0.811269174115264,0.318139387107043,1,0.807651585463049,0.546791673502031,0.692379891650221
0,440,3.24,"4",0.125646346528013,-1.94001374466235,0.359767649799777,1,0.225330346808759,0.0662880504990137,0.125646346528013
0,720,3.77,"3",0.338816026232465,-0.66857486296349,0.254316641398389,1,0.457573703273989,0.237391253129458,0.338816026232465
0,500,4,"3",0.272530825089938,-0.981819899588451,0.312972754831637,1,0.408929313878143,0.168647031122668,0.272530825089938
0,600,3.62,"3",0.257135287265711,-1.06091158969702,0.222538303256086,1,0.348704972906225,0.18286043959964,0.257135287265711
0,400,3.51,"3",0.167668654327378,-1.60224087735367,0.310603692635983,1,0.270229670269609,0.098764878857688,0.167668654327378
0,540,2.81,"3",0.13610229980929,-1.84804755178475,0.312987413066947,1,0.225378690244505,0.0786014246743316,0.13610229980929
0,680,3.48,"3",0.27045352858822,-0.99232278370192,0.238353387260246,1,0.371648748350926,0.188544511122688,0.27045352858822
1,800,3.43,"2",0.476010289191545,-0.0960325783201071,0.271661391881032,1,0.607406552766377,0.347853252596817,0.476010289191545
0,500,3.53,"4",0.172077113351476,-1.57097730820034,0.346453292702253,1,0.290711940014818,0.0953472427540156,0.172077113351476
1,620,3.37,"2",0.365430322094037,-0.551871472789166,0.174598152245505,1,0.447776385573242,0.290267783406657,0.365430322094037
0,520,2.62,"2",0.200793520908582,-1.38134221336725,0.298745037564798,1,0.310924240100662,0.122724132801237,0.200793520908582
1,620,3.23,"3",0.20929210299627,-1.32919771819272,0.244110799026545,1,0.299277532900031,0.140921793105269,0.20929210299627
0,620,3.33,"3",0.222908979375507,-1.2487939632647,0.231936563972254,1,0.311267925076946,0.154023078429337,0.222908979375507
0,300,3.01,"3",0.0970270991548684,-2.2307022306117,0.38449384201685,1,0.185866709295957,0.0481397421037909,0.0970270991548684
0,620,3.78,"3",0.291734048571601,-0.886977066088602,0.234447254169907,1,0.394732915923978,0.206444202723672,0.291734048571601
0,500,3.88,"4",0.215926589392467,-1.28956416595226,0.389946545978248,1,0.371621007953975,0.113662991271535,0.215926589392467
0,700,4,"2",0.533904452939372,0.135826246151705,0.257354989308996,1,0.654808168683571,0.408881884061149,0.533904452939372
1,540,3.84,"2",0.412139476513017,-0.355127887521794,0.252440740435128,1,0.534857355134414,0.299451372660035,0.412139476513017
0,500,2.79,"4",0.102848741546851,-2.1659650946677,0.375662837035941,1,0.193150740909899,0.0520417462943371,0.102848741546851
0,800,3.6,"2",0.510162051707377,0.0406538050575306,0.264388926366003,1,0.636187822773664,0.382831180332018,0.510162051707377
0,560,3.61,"3",0.238752879457189,-1.15952899663699,0.228592261671499,1,0.329270093825965,0.166926284214783,0.238752879457189
0,580,2.88,"2",0.261840013470392,-1.03642690338364,0.239360087524001,1,0.361864425884632,0.181595849566137,0.261840013470392
0,560,3.07,"2",0.283138133435903,-0.928948284743982,0.201994291841455,1,0.369808258706746,0.210011334179152,0.283138133435903
0,500,3.35,"2",0.301601485054023,-0.839683318116269,0.205947602059568,1,0.392688295906617,0.223855038123151,0.301601485054022
1,640,2.94,"2",0.298946599087172,-0.852319103256079,0.242180194059915,1,0.406694797073262,0.209657311980924,0.298946599087172
0,800,3.54,"3",0.337970962463134,-0.672349436403609,0.307745807347781,1,0.482714977149286,0.218311869088867,0.337970962463134
0,640,3.76,"3",0.297805613127569,-0.857769301350623,0.232692293458382,1,0.400905789117506,0.211843947995566,0.297805613127569
0,380,3.59,"4",0.142526032886088,-1.79446614958502,0.416729604572639,1,0.273353134609286,0.0684174960828746,0.142526032886088
1,600,3.47,"2",0.373611047062009,-0.516756233584727,0.175269091420881,1,0.456800770083943,0.297280085869393,0.373611047062009
0,560,3.59,"2",0.374994577667492,-0.510848759118267,0.196692258082956,1,0.46870796747569,0.289797943009958,0.374994577667491
0,660,3.07,"3",0.203061812002213,-1.36726669463039,0.285680844499945,1,0.308459270469795,0.127060694252919,0.203061812002213
1,400,3.23,"4",0.115206190382543,-2.03863115160232,0.380037559436968,1,0.215217488099025,0.0582220833301868,0.115206190382543
0,600,3.63,"3",0.258674130155284,-1.05287121420422,0.223054105759407,1,0.35076342780867,0.183913132938484,0.258674130155284
0,580,3.77,"4",0.232035303529435,-1.19685423347875,0.348261201555679,1,0.374194880720239,0.132452498420029,0.232035303529435
0,800,3.31,"3",0.297908347794448,-0.85727807273806,0.333129283585147,1,0.449090857622623,0.180907455636679,0.297908347794448
1,580,3.2,"2",0.314506367531598,-0.77913488761397,0.184303113655561,1,0.397019182844242,0.242252620360239,0.314506367531598
1,700,4,"1",0.692379891650221,0.811269174115264,0.318139387107043,1,0.807651585463049,0.546791673502031,0.692379891650221
0,420,3.92,"4",0.191768947175672,-1.43855672687538,0.439926856958349,1,0.359784387154278,0.0910556207512376,0.191768947175672
1,600,3.89,"1",0.621608821216644,0.496382465076525,0.304710746248628,1,0.749061937456143,0.474808698386688,0.621608821216644
1,780,3.8,"3",0.375524545185213,-0.508588189314334,0.287584901353576,1,0.513766074435491,0.254974558861078,0.375524545185213
0,740,3.54,"1",0.629946879399542,0.531988932893527,0.29721704622588,1,0.752973486459101,0.487363571972402,0.629946879399542
1,640,3.63,"1",0.593368857362333,0.377909733710833,0.270968031063888,1,0.712796936538508,0.461777813885403,0.593368857362333
0,540,3.16,"3",0.172696712692967,-1.56663440953667,0.248785615805524,1,0.253692539270242,0.113623221659513,0.172696712692967
0,580,3.5,"2",0.368670732574245,-0.537923622829904,0.180497167331111,1,0.454092363865066,0.290759529568832,0.368670732574245
0,740,3.34,"4",0.235001450032617,-1.18028225388058,0.363496054171186,1,0.385129984847552,0.130932995490313,0.235001450032617
0,580,3.02,"2",0.284171711046949,-0.923861646484411,0.210508131653533,1,0.374896860829123,0.208093211095183,0.284171711046949
0,460,2.87,"2",0.211451480444637,-1.31619837321794,0.259330952049132,1,0.30833610320111,0.138896334416298,0.211451480444637
0,640,3.38,"3",0.238067527590087,-1.16330357007711,0.231925025384482,1,0.329879409448757,0.165497918483055,0.238067527590087
1,600,3.56,"2",0.390694739278644,-0.444392854149507,0.182004896700376,1,0.478098210040946,0.309785466786912,0.390694739278644
1,660,2.91,"3",0.183035921183824,-1.49591270251523,0.320458254219467,1,0.295709257443112,0.106784901314707,0.183035921183824
0,340,2.9,"1",0.291447263927844,-0.888365413117473,0.390996649124502,1,0.469534789855231,0.160472203593305,0.291447263927844
1,460,3.64,"1",0.494588578224754,-0.021646532308611,0.328565924707114,1,0.650751166912362,0.339474758287262,0.494588578224754
0,460,2.98,"1",0.365328332720069,-0.552311314833558,0.32112446193204,1,0.519263617837149,0.234743928053247,0.365328332720069
1,560,3.59,"2",0.374994577667492,-0.510848759118267,0.196692258082956,1,0.46870796747569,0.289797943009958,0.374994577667491
0,540,3.28,"3",0.18691983042515,-1.47014990362304,0.236089766377438,1,0.267486247526694,0.126431504572407,0.18691983042515
0,680,3.99,"3",0.358411898104081,-0.582263633569006,0.265997832953112,1,0.484777735388839,0.249062344912419,0.358411898104081
1,480,3.02,"1",0.383466287064315,-0.474861297138766,0.310055161523349,1,0.533162946794402,0.253020086997422,0.383466287064315
0,800,3.47,"3",0.325494983120714,-0.728632064853224,0.313728125566396,1,0.471599368354947,0.206928642376498,0.325494983120714
0,800,2.9,"2",0.37234437581759,-0.522172479438625,0.356093206359834,1,0.543829765333612,0.227916184500288,0.37234437581759
1,720,3.5,"3",0.292005228413253,-0.88566500126915,0.25675567821067,1,0.405542421893674,0.19958244429438,0.292005228413253
0,620,3.58,"2",0.405397852023273,-0.38302358744032,0.182227625895318,1,0.493535999981046,0.322962655510364,0.405397852023273
0,540,3.02,"4",0.131192094753653,-1.89045942688608,0.343929411347461,1,0.228578048585629,0.071454329267341,0.131192094753653
0,480,3.43,"2",0.305625948673622,-0.820648829897433,0.223682634065889,1,0.405588951919366,0.221134580495602,0.305625948673622
1,720,3.42,"2",0.429172771863145,-0.285227016707241,0.212386636632211,1,0.532715888436223,0.33147867335,0.429172771863145
0,580,3.29,"4",0.170400393753342,-1.58279225713326,0.324646702226463,1,0.279592322225367,0.0980483851681423,0.170400393753342
0,600,3.28,"3",0.208451565468237,-1.3342843564523,0.234117912228661,1,0.294129167371008,0.142686289880182,0.208451565468237
0,380,3.38,"2",0.252128312875724,-1.08729328597936,0.300027036409528,1,0.377719218985878,0.157712682295031,0.252128312875724
0,420,2.67,"3",0.0968833626914698,-2.23234390302548,0.359815664317748,1,0.178417624306317,0.05032668443073,0.0968833626914698
1,800,3.53,"1",0.659218628385765,0.659814104571474,0.332119640598254,1,0.78764174207186,0.502214887762038,0.659218628385765
0,620,3.05,"2",0.308068779855878,-0.809163488558838,0.21215502083385,1,0.402913607677417,0.227059964334416,0.308068779855878
1,660,3.49,"2",0.409795716904648,-0.364809935428374,0.182279293702111,1,0.498114378996285,0.326935700190962,0.409795716904648
0,480,4,"2",0.410391439114462,-0.362347426807707,0.327668235355843,1,0.569517371532385,0.268042447818556,0.410391439114462
0,500,2.86,"4",0.10815929253288,-2.10968246621809,0.366010154972003,1,0.199040420274583,0.0558791755315994,0.10815929253288
0,700,3.45,"3",0.27465026749713,-0.971155394456743,0.249734250069141,1,0.381856378024964,0.188370295515546,0.274650267497131
0,440,2.76,"2",0.190012182429439,-1.44993101936235,0.285876141820002,1,0.291189535825694,0.118131112863804,0.190012182429439
1,520,3.81,"1",0.56239933769135,0.250905398239775,0.319670868798429,1,0.706295656777414,0.407176610697077,0.56239933769135
1,680,2.96,"3",0.196167455643306,-1.41042230932764,0.318697618518036,1,0.31307658293885,0.115569726180358,0.196167455643306
0,620,3.22,"2",0.337942397600305,-0.6724771051812,0.1857028996555,1,0.423481055165206,0.261834623874737,0.337942397600305
0,540,3.04,"1",0.419965504993999,-0.322914998982413,0.294529329633163,1,0.563249964772978,0.289010943241509,0.419965504993999
0,800,3.91,"3",0.407368274255161,-0.374855543169927,0.304927700141268,1,0.555471405269966,0.274379725143022,0.407368274255161
0,680,3.34,"2",0.391710695698547,-0.440127052096825,0.195248017128588,1,0.485643712486481,0.305166829415306,0.391710695698547
0,440,3.17,"2",0.245960161679107,-1.12027562415746,0.24356396784041,1,0.344593487615836,0.168308776139443,0.245960161679107
0,680,3.64,"3",0.296571734654422,-0.863676775817084,0.23456477010382,1,0.400368524113142,0.210249238786022,0.296571734654422
0,640,3.73,"3",0.292786189035996,-0.88189042782903,0.230133585798555,1,0.393928486987131,0.2086714467547,0.292786189035996
0,660,3.31,"4",0.200117932925378,-1.38555744325332,0.334221337669902,1,0.325088608999195,0.115002468225396,0.200117932925378
0,620,3.21,"4",0.174143949864132,-1.55653822962851,0.331794930326595,1,0.287773930463213,0.0991364791348054,0.174143949864132
1,520,4,"2",0.43247251728766,-0.271770395360541,0.302109617559358,1,0.579413070069954,0.296524074165666,0.43247251728766
1,540,3.55,"4",0.187807553873263,-1.46431952576757,0.335416424076356,1,0.308550768596741,0.107002104954905,0.187807553873263
1,740,3.52,"4",0.262008474075425,-1.03555549501014,0.356331172064049,1,0.416502817266705,0.150081167127604,0.262008474075425
0,640,3.35,"3",0.233719843104818,-1.18742469655551,0.234766593741409,1,0.325791418999361,0.161438017839586,0.233719843104818
1,520,3.3,"2",0.30267400456692,-0.834596679856697,0.194512811080982,1,0.388564196346478,0.228669046097373,0.30267400456692
1,620,3.95,"3",0.320757965816311,-0.750290682710963,0.258868380828788,1,0.439569683095549,0.221374782529425,0.320757965816311
0,520,3.51,"2",0.33944940941047,-0.665748794507851,0.206242632585692,1,0.434991758056041,0.255406059549011,0.33944940941047
0,640,3.81,"2",0.461872551345125,-0.152806435382286,0.215523198990934,1,0.566999376135496,0.360030468544616,0.461872551345125
0,680,3.11,"2",0.348632489059737,-0.625055688431276,0.226339092417453,1,0.454766245988675,0.255654133801771,0.348632489059737
0,440,3.15,"2",0.242989962845949,-1.13635637514306,0.244043774243899,1,0.341182153627362,0.165939569885338,0.242989962845949
1,520,3.19,"3",0.16969339324642,-1.58780179878185,0.248666395135875,1,0.249662019534141,0.11153191603891,0.16969339324642
1,620,3.95,"3",0.320757965816311,-0.750290682710963,0.258868380828788,1,0.439569683095549,0.221374782529425,0.320757965816311
1,520,3.9,"3",0.265624828117687,-1.01693513879289,0.282404316803238,1,0.386174184279452,0.172152592215435,0.265624828117687
0,380,3.34,"3",0.143783351315831,-1.78421577645489,0.317544776945347,1,0.238335284246299,0.0826705276756289,0.143783351315831
0,560,3.24,"4",0.158653280472722,-1.66828265032085,0.327168358868966,1,0.263659787862284,0.090336543574049,0.158653280472722
1,600,3.64,"3",0.260218956411931,-1.04483083871142,0.223617961231776,1,0.352848957538856,0.184956316243179,0.260218956411931
1,680,3.46,"2",0.414924931286757,-0.343642546183198,0.189492512019913,1,0.50694024857069,0.328484406465216,0.414924931286757
0,500,2.81,"3",0.125799038269776,-1.93862458323192,0.314161566539699,1,0.210341543240119,0.0721326996649009,0.125799038269776
1,640,3.95,"2",0.489941062756321,-0.0402411784830546,0.245062405589688,1,0.608278363773971,0.372720479517739,0.489941062756321
0,540,3.33,"3",0.193106782488792,-1.42994802615903,0.232614061981971,1,0.274079068204029,0.131715905400439,0.193106782488792
1,680,3.67,"2",0.456412256976087,-0.174794660834351,0.199154373265985,1,0.553679306034588,0.362359638520796,0.456412256976087
0,660,3.32,"1",0.543377333545646,0.173946609157547,0.276270390554789,1,0.67160132927858,0.409134766392789,0.543377333545646
0,520,3.12,"2",0.273026048828805,-0.979323438727137,0.203802083697379,1,0.358962195488726,0.201205728157601,0.273026048828805
1,600,2.98,"2",0.28684953219409,-0.910734632732036,0.221152925220429,1,0.382895824226551,0.206821142757163,0.28684953219409
0,460,3.77,"3",0.221434624444586,-1.25732556737007,0.296459322936342,1,0.337095359256264,0.137242308258885,0.221434624444586
1,580,3.58,"1",0.550289957350378,0.201842309076073,0.271900618721262,1,0.675850599275674,0.417977159378808,0.550289957350378
1,680,3,"4",0.16945136037616,-1.58952056780661,0.3725560924266,1,0.297483395624211,0.0895020181079904,0.16945136037616
1,660,3.14,"2",0.343841162155421,-0.646223077676452,0.210943222872587,1,0.442067756787295,0.257372180189162,0.343841162155421
0,660,3.94,"2",0.499251740995524,-0.00299303825227437,0.241601993325064,1,0.615513184699845,0.383071153279926,0.499251740995524
0,360,3.27,"3",0.13172558880019,-1.88578692062809,0.331915427767008,1,0.225266896390194,0.0733494745003928,0.13172558880019
0,660,3.45,"4",0.218745469423712,-1.27299218635409,0.330049467846198,1,0.348396459075249,0.127873928787085,0.218745469423712
0,520,3.1,"4",0.133376931337068,-1.87142493866725,0.33919231868151,1,0.230301777527352,0.0733562224935801,0.133376931337068
1,440,3.39,"2",0.280216619071472,-0.943387363315809,0.250126707084438,1,0.388614696252926,0.192532830634464,0.280216619071472
0,600,3.31,"4",0.179252072404069,-1.52142299042407,0.32445838892629,1,0.292042536366404,0.103645325967498,0.179252072404069
1,800,3.22,"1",0.601222739563298,0.410562464294605,0.360238900218223,1,0.753363212822622,0.42665649842722,0.601222739563298
1,660,3.7,"4",0.255026193533448,-1.07198279903404,0.338702129711683,1,0.399361406333902,0.149842233845882,0.255026193533448
0,800,3.15,"4",0.23197657431774,-1.19718384107308,0.417415048134758,1,0.406355962290808,0.117604057171704,0.23197657431774
0,420,2.26,"4",0.0587864283332191,-2.77325905868055,0.483175215571074,1,0.138687327005621,0.023654053504396,0.0587864283332191
1,620,3.45,"2",0.380471255555308,-0.487548468846749,0.174288653476288,1,0.463578945223912,0.303823933560437,0.380471255555308
0,800,2.78,"2",0.350086960729479,-0.618656985352252,0.38391541278227,1,0.533404472834087,0.202437146435739,0.350086960729479
0,680,3.7,"2",0.462402718911832,-0.150673534355944,0.202463946334994,1,0.561230087313108,0.366443956247889,0.462402718911832
0,800,3.97,"1",0.733722252382211,1.01359062625477,0.344970905771705,1,0.844189122678164,0.583570393914872,0.733722252382211
0,480,2.55,"1",0.298854426230419,-0.85275894530047,0.386474103888941,1,0.476200572784967,0.166554158659146,0.298854426230419
0,520,3.25,"3",0.176599312976843,-1.53955954582503,0.243012447624434,1,0.256687883179879,0.117547345713322,0.176599312976843
0,560,3.16,"1",0.454837927907725,-0.181141977345203,0.279782807694948,1,0.590790041855713,0.325300885322613,0.454837927907725
0,460,3.07,"2",0.239505797827065,-1.1553908633619,0.235693957948121,1,0.333270330705642,0.165570520845337,0.239505797827065
0,540,3.5,"2",0.347850587581177,-0.628500654277069,0.19484247479529,1,0.438658215601211,0.266903161350346,0.347850587581177
0,720,3.4,"3",0.275664775560071,-0.966068756197172,0.265441149114686,1,0.390358839807912,0.184472700659089,0.275664775560071
0,640,3.3,"2",0.36288467813586,-0.562865585515199,0.182722344033894,1,0.448995579033848,0.284753900202962,0.36288467813586
1,660,3.6,"3",0.280672791746783,-0.941126793511876,0.228147469152264,1,0.378961666158925,0.199679956765236,0.280672791746783
1,400,3.15,"2",0.226718601940575,-1.22693340659023,0.273622479035186,1,0.333892196715816,0.146385833424625,0.226718601940575
1,680,3.98,"2",0.518605650089694,0.0744569794425177,0.250907172269182,1,0.637893976530057,0.397157969969567,0.518605650089694
0,220,2.83,"3",0.0719854729740761,-2.55658305237647,0.458137468416982,1,0.159945503251304,0.0306339779017285,0.0719854729740761
0,580,3.46,"4",0.190601599411119,-1.44610587375562,0.324377622659153,1,0.30782108824104,0.110869911141205,0.190601599411119
1,540,3.17,"1",0.445618439604903,-0.218390117575984,0.281510864450539,1,0.58257940927669,0.3164463537395,0.445618439604903
0,580,3.51,"2",0.370544119149263,-0.529883247337102,0.181312629498594,1,0.456482759790478,0.292089791543157,0.370544119149263
0,540,3.13,"2",0.283738040067374,-0.925994547510752,0.197109114025643,1,0.368266519338506,0.212097477544957,0.283738040067374
0,440,2.98,"3",0.125889336346168,-1.93780374702503,0.300529036909849,1,0.206072052364873,0.0739978402946145,0.125889336346168
0,560,4,"3",0.300282212462084,-0.845954352417702,0.283815148333654,1,0.428083027483858,0.197462158786275,0.300282212462084
0,660,3.67,"2",0.445200220440192,-0.220083176557934,0.194763952414182,1,0.540325764455952,0.353927297267287,0.445200220440192
0,660,3.77,"3",0.309076474228002,-0.804440410134238,0.235947895401641,1,0.415327976099851,0.219788676856343,0.309076474228002
1,520,3.65,"4",0.19322269588072,-1.42920428656313,0.350260098163413,1,0.322415213301587,0.107578851572563,0.19322269588072
0,540,3.46,"4",0.177018000249654,-1.53668290520279,0.330342429509679,1,0.291272522713303,0.101182511503211,0.177018000249654
1,300,2.84,"2",0.154122393596918,-1.70262762548501,0.366081970853211,1,0.271879626781123,0.0816491357319717,0.154122393596918
1,340,3,"2",0.18491372732555,-1.48340458615301,0.325353806444695,1,0.300333320029986,0.107063051303862,0.18491372732555
1,780,3.63,"4",0.29806393097543,-0.856534333142153,0.375350012671,1,0.469824638191451,0.169071737406222,0.29806393097543
1,480,3.71,"4",0.186708796365954,-1.47153906505348,0.373735203520074,1,0.323218902965372,0.0993864860598471,0.186708796365954
0,540,3.28,"1",0.467559139956701,-0.12994598715516,0.275335561128479,1,0.60101875093742,0.338585587594435,0.467559139956701
0,460,3.14,"3",0.146306408867411,-1.76386922341661,0.274021401031772,1,0.226744221936432,0.0910442162044801,0.146306408867411
0,460,3.58,"2",0.32183934684489,-0.745331713228983,0.256091819093443,1,0.439450677857022,0.223172781601992,0.32183934684489
0,500,3.01,"4",0.120354563214758,-1.98907683382605,0.349651063965745,1,0.213532769532842,0.0645013879918866,0.120354563214758
0,420,2.69,"2",0.174869414963087,-1.55150216353555,0.306825203350323,1,0.278859731426247,0.104062445346607,0.174869414963087
0,520,2.7,"3",0.121129195657601,-1.98178019792916,0.337950807979156,1,0.21091869865249,0.0663496340957409,0.121129195657601
0,680,3.9,"1",0.664982265681409,0.685576903463659,0.301223228401233,1,0.781763756447864,0.523776896858118,0.664982265681409
0,680,3.31,"2",0.385978522944786,-0.464248178575231,0.19791627124132,1,0.480926188682938,0.29897909154313,0.385978522944786
1,560,3.48,"2",0.354505486161004,-0.599292889539091,0.184849431631567,1,0.441028742875154,0.276558407665757,0.354505486161004
0,580,3.34,"2",0.339265382899184,-0.66656963071474,0.175651308735852,1,0.420117012071026,0.266814281530356,0.339265382899184
0,500,2.93,"4",0.113709297102893,-2.05339983776847,0.357607773420662,1,0.205463813650975,0.05984363817093,0.113709297102893
0,740,4,"3",0.39213236336882,-0.438357710905455,0.282933578546807,1,0.529015389328994,0.270338169723609,0.39213236336882
0,660,3.59,"3",0.279052341857312,-0.949167169004678,0.228115114480846,1,0.377056320606898,0.198408229058378,0.279052341857312
0,420,2.96,"1",0.340971227554402,-0.658969097266328,0.340362253117874,1,0.502035218470921,0.209808665433186,0.340971227554402
0,560,3.43,"3",0.213449651555974,-1.30425575550743,0.22470229304237,1,0.296537838582985,0.148720443849413,0.213449651555974
1,460,3.64,"3",0.203939720464564,-1.3618504487765,0.279445905954766,1,0.307009739507182,0.12902979469969,0.203939720464564
1,620,3.71,"1",0.59795325569336,0.396944221929668,0.277654641213052,1,0.719331352180699,0.463251665142413,0.59795325569336
0,520,3.15,"3",0.165209931527458,-1.61996330075306,0.253236404377606,1,0.245340437860427,0.107521974317433,0.165209931527458
0,620,3.09,"4",0.160700836608003,-1.65302273554214,0.342562218039651,1,0.272574267794319,0.0891185961341799,0.160700836608003
0,540,3.2,"1",0.451584923728138,-0.194268991097577,0.279367662810826,1,0.587415561899835,0.322604188014748,0.451584923728138
1,660,3.47,"3",0.260060972399385,-1.0456516749183,0.231467021124028,1,0.356181524806518,0.182525915402902,0.260060972399385
0,500,3.23,"4",0.140373824872394,-1.8121885729844,0.337708805976757,1,0.240438069039494,0.0776940851782175,0.140373824872394
1,560,2.65,"3",0.126595144555776,-1.931405043946,0.353971830678778,1,0.22485048627291,0.0675347357118758,0.126595144555776
0,500,3.95,"4",0.225607596044984,-1.23328153750264,0.402120694103326,1,0.390520469645669,0.116970370340112,0.225607596044984
0,580,3.06,"2",0.290759101930916,-0.891700144513202,0.203464915323787,1,0.379208542501977,0.215769651517995,0.290759101930916
0,520,3.35,"3",0.188596478754426,-1.45915579089701,0.237030596818983,1,0.27000921531491,0.127445559317111,0.188596478754426
0,500,3.03,"3",0.146573011026744,-1.76173632239027,0.273977105963977,1,0.227103164794695,0.0912280762771512,0.146573011026744
0,600,3.35,"2",0.35132029633185,-0.613240739498354,0.174026355355381,1,0.432379574556015,0.278014377356588,0.35132029633185
0,580,3.8,"2",0.426361370609507,-0.296712358045837,0.225852928899757,1,0.536425201295989,0.323138839099573,0.426361370609507
0,400,3.36,"2",0.257675484030324,-1.05808552124138,0.280877273956748,1,0.375764269974336,0.166782384099077,0.257675484030324
0,620,2.85,"2",0.274886282879005,-0.969970998414882,0.256005561482514,1,0.38504234467221,0.186677998279994,0.274886282879005
1,780,4,"2",0.578588154561723,0.316980309046037,0.282838101432012,1,0.705025068974065,0.440931525034047,0.578588154561723
0,620,3.43,"3",0.237146084933329,-1.16839020833668,0.224056104899548,1,0.325361473057548,0.166930408215886,0.237146084933329
1,580,3.12,"3",0.181202905052818,-1.50821888006071,0.25429275212262,1,0.267017997496722,0.118508290753626,0.181202905052818
0,700,3.52,"2",0.437795987052315,-0.250111777502802,0.198548091910065,1,0.534704727003942,0.345412471426236,0.437795987052315
1,540,3.78,"2",0.400502897402542,-0.403370140478607,0.239437286191421,1,0.516475768076073,0.294699611952416,0.400502897402542
1,760,2.81,"1",0.497582528248388,-0.00966996235745166,0.406637786910784,1,0.687259913321068,0.308598413168268,0.497582528248388
0,700,3.27,"2",0.389094232158674,-0.451121164822857,0.213428357154209,1,0.491800338984647,0.295370684690037,0.389094232158674
0,720,3.31,"1",0.574875586130064,0.301771780835493,0.300608210386832,1,0.709089042100792,0.428635534486991,0.574875586130064
1,560,3.69,"3",0.250639224223695,-1.09520599269457,0.235219633240575,1,0.346564357070397,0.17418735199469,0.250639224223695
0,720,3.94,"3",0.370076537959251,-0.531888479585852,0.268566357159245,1,0.498625398574715,0.257638565428194,0.370076537959251
1,520,4,"1",0.599569704860335,0.403672532603017,0.354463727395442,1,0.749964213848279,0.427740373558998,0.599569704860335
1,540,3.49,"1",0.509724248223872,0.0389018981936875,0.276846312367013,1,0.641417237469341,0.37666758800139,0.509724248223873
0,680,3.14,"2",0.354129909844521,-0.600934561952869,0.221040887550604,1,0.458174364854911,0.262275552068833,0.354129909844521
0,460,3.44,"2",0.297778916050111,-0.857896970128215,0.23901028972169,1,0.40385288643885,0.209762575733679,0.297778916050111
1,560,3.36,"1",0.494916558289437,-0.020334467489159,0.269396143574735,1,0.624262918032786,0.366247095293961,0.494916558289436
0,480,2.78,"3",0.11836195726709,-2.0080342254339,0.323112150473832,1,0.2018560080382,0.0665251443480726,0.11836195726709
0,460,2.93,"3",0.126450142166911,-1.93271710876545,0.300405195325502,1,0.206865675028643,0.0743638501789757,0.126450142166911
0,620,3.63,"3",0.267453186950757,-1.00758269848063,0.222756633577174,1,0.361010795703316,0.190898005624317,0.267453186950757
0,580,4,"1",0.63170495677769,0.539538079773766,0.329974843343795,1,0.766076657224283,0.473222491397669,0.63170495677769
0,800,3.89,"2",0.568031619824275,0.273824694348795,0.279175858027877,1,0.694450560616755,0.432082409715589,0.568031619824275
1,540,3.77,"2",0.398573954155877,-0.411410515971409,0.237363156258778,1,0.513452070480336,0.293874059252697,0.398573954155877
1,680,3.76,"3",0.317086787392152,-0.767192269903457,0.239533605058239,1,0.426118267299851,0.225014733518225,0.317086787392152
1,680,2.42,"1",0.376507523321697,-0.50439866947107,0.457869744487887,1,0.597010941616418,0.197526929788427,0.376507523321697
1,620,3.37,"1",0.530853612804985,0.123571455174392,0.266255076292813,1,0.655980202934409,0.401723616875204,0.530853612804985
0,560,3.78,"2",0.411424029686064,-0.358081624755025,0.229713979018404,1,0.523023151094986,0.308248390739081,0.411424029686064
0,560,3.49,"4",0.18735741838791,-1.4672732630008,0.327831614858163,1,0.304761955713165,0.108145715267394,0.18735741838791
0,620,3.63,"2",0.415124213222214,-0.342821709976309,0.187846876531722,1,0.506339202315137,0.329377563645354,0.415124213222214
1,800,4,"2",0.589589541392392,0.362268824769619,0.292971847729523,1,0.718390846500785,0.447208492700497,0.589589541392392
0,640,3.12,"3",0.202239896176245,-1.37235333288997,0.268079501708381,1,0.300079879753093,0.130358902924679,0.202239896176245
0,540,2.7,"2",0.218961129819947,-1.27173069370125,0.278855293328643,1,0.326254581933646,0.139639538113346,0.218961129819947
0,700,3.65,"2",0.463667427371709,-0.145586896096373,0.204138969582889,1,0.563290061576675,0.366862784121394,0.463667427371709
1,540,3.49,"2",0.346028862328413,-0.636541029769871,0.193884570234623,1,0.436217572436373,0.265699029217196,0.346028862328413
0,540,3.51,"2",0.349676775442116,-0.620460278784267,0.195851919068816,1,0.441126734402353,0.26809093603668,0.349676775442116
0,660,4,"1",0.672759413389397,0.720692142668098,0.316132440865596,1,0.792541200118746,0.525246650696964,0.672759413389397
1,480,2.62,"2",0.186651073469143,-1.47191924481441,0.30271380956513,1,0.293467940361536,0.112521666731622,0.186651073469144
0,420,3.02,"1",0.351893412740251,-0.610726844309515,0.335639737538964,1,0.511779580234645,0.219500304530323,0.351893412740251
1,740,3.86,"2",0.528428810832221,0.11383802069964,0.243987176649247,1,0.643836034528632,0.40990046949785,0.528428810832221
0,580,3.36,"2",0.342879377854771,-0.650488879729135,0.175387632331109,1,0.423913323603262,0.270073709133174,0.342879377854772
0,640,3.17,"2",0.339081404941225,-0.667390466921628,0.198036309291013,1,0.430640281483851,0.258162375849054,0.339081404941225
0,640,3.51,"2",0.402750496475477,-0.394017700166353,0.178408793873541,1,0.488917699290551,0.322195818396207,0.402750496475477
1,800,3.05,"2",0.400935946325835,-0.401566847046592,0.32484726380705,1,0.558514102116529,0.261484422332427,0.400935946325835
1,660,3.88,"2",0.487193978451151,-0.0512352912090878,0.229002876667891,1,0.598113385157463,0.377521650258848,0.487193978451151
1,600,3.38,"3",0.222029111053586,-1.25388060152427,0.22497429827477,1,0.307266274212477,0.155141674047271,0.222029111053586
1,620,3.75,"2",0.438725242387198,-0.246337204062682,0.206212198695452,1,0.539377958160487,0.342873917687979,0.438725242387198
1,460,3.99,"3",0.253423269382642,-1.08043730652842,0.336076730041034,1,0.396103588325736,0.149421225158095,0.253423269382642
0,620,4,"2",0.488669985645567,-0.0453278167426264,0.260355956494525,1,0.614192500347798,0.364560239508565,0.488669985645567
0,560,3.04,"3",0.165504301964389,-1.61783039972671,0.2667335060252,1,0.250671768082143,0.105210247545097,0.165504301964389
0,460,2.63,"2",0.181062219425413,-1.50916738504519,0.304828822541567,1,0.286651499128333,0.108453906907741,0.181062219425413
0,700,3.65,"2",0.463667427371709,-0.145586896096373,0.204138969582889,1,0.563290061576675,0.366862784121394,0.463667427371709
0,600,3.89,"3",0.300730553093643,-0.84382145139136,0.251909146002921,1,0.413363136555462,0.20791104580918,0.300730553093643
